{
    "actions": [
        {
            "type": "二倍速"
        },
        {
            "type": "部署",
            "name": "桃金娘",
            "location": [
                4,
                4
            ],
            "direction": "上"
        },
        {
            "type": "部署",
            "name": "煌",
            "location": [
                10,
                3
            ],
            "direction": "左"
        },
        {
            "type": "部署",
            "name": "泥岩",
            "location": [
                2,
                3
            ],
            "direction": "左"
        },
        {
            "type": "部署",
            "name": "闪灵",
            "location": [
                10,
                1
            ],
            "direction": "下"
        },
        {
            "type": "部署",
            "name": "艾雅法拉",
            "location": [
                9,
                1
            ],
            "direction": "下"
        },
        {
            "type": "部署",
            "name": "塞雷娅",
            "direction": "左",
            "location": [
                9,
                3
            ]
        }
    ],
    "stage_name": "tough_10-11",
    "doc": {
        "details": "作者：YueShen\n有问题群里@咕咕咕               攻略：https://www.bilibili.com/video/BV1GY411j72u?p=15",
        "title": "磨难10-12"
    },
    "opers": [
        {
            "name": "桃金娘",
            "skill": 1,
            "skill_usage": 1
        },
        {
            "name": "泥岩",
            "skill": 2
        },
        {
            "name": "闪灵",
            "skill": 2
        },
        {
            "name": "艾雅法拉",
            "skill": 2
        },
        {
            "name": "煌",
            "skill": 2
        },
        {
            "name": "塞雷娅",
            "skill": 1
        }
    ]
}