{"minimum_required":"v4.0.0","stage_name":"main_06-08","actions":[{"type":"SpeedUp"},{"type":"Deploy","name":"令","location":[8,4],"direction":"Left","doc_color":"Gray","doc":"部署令"},{"type":"Deploy","name":"“弦惊”","location":[7,6],"direction":"Left","kills":2,"doc":""},{"type":"Deploy","name":"黑角","location":[7,3],"direction":"Left","doc_color":"Gray","doc":"部署黑角"},{"type":"Deploy","name":"“弦惊”","location":[4,4],"direction":"Left","costs":18},{"type":"Deploy","name":"“弦惊”","location":[4,1],"direction":"Left","kills":14},{"type":"Deploy","name":"“弦惊”","location":[3,1],"direction":"Right","kills":22,"doc_color":"Gray","doc":"合成大龙"},{"type":"Deploy","name":"“弦惊”","location":[3,4],"direction":"Right","kills":26,"doc_color":"Gray","doc":"合成大龙"},{"type":"Deploy","name":"“弦惊”","location":[4,6],"direction":"Left"},{"type":"Skill","name":"令","doc":"令开启技能","doc_color":"Gray"},{"type":"SkillDaemon"}],"doc":{"title":"第六章 局部坏死 - 6-9 - 换一个角度","details":"参考：https://www.bilibili.com/video/BV1St4y1M7JT/?p=88&vd_source=1c3ae8f21d9e9fa8a913acc91885ac64，6-9普通 令、黑角（未测试）"},"groups":[],"opers":[{"name":"令","skill":3,"skill_usage":0},{"name":"黑角","skill":1,"skill_usage":0}],"difficulty":1}