{
    "stage_name": "main_09-12",
    "opers": [
        {
            "name": "白面鸮",
            "skill": 2,
            "skill_usage": 0
        },
        {
            "name": "棘刺",
            "skill": 3,
            "skill_usage": 1
        },
        {
            "name": "假日威龙陈",
            "skill": 3,
            "skill_usage": 0
        }
    ],
    "groups": [],
    "actions": [
        {
            "name": "",
            "type": "SpeedUp"
        },
        {
            "name": "棘刺",
            "type": "Deploy",
            "location": [
                8,
                4
            ],
            "direction": "Up"
        },
        {
            "name": "假日威龙陈",
            "type": "Deploy",
            "location": [
                7,
                5
            ],
            "direction": "Right"
        },
        {
            "name": "白面鸮",
            "type": "Deploy",
            "location": [
                7,
                3
            ],
            "direction": "Down"
        },
        {
            "name": "白面鸮",
            "type": "Deploy",
            "location": [
                4,
                3
            ],
            "direction": "Up"
        },
        {
            "name": "假日威龙陈",
            "type": "Skill",
            "kills": 5
        },
        {
            "name": "假日威龙陈",
            "type": "Skill",
            "kills": 12
        },
        {
            "name": "假日威龙陈",
            "type": "Skill",
            "kills": 26
        },
        {
            "name": "",
            "type": "SkillDaemon"
        }
    ],
    "minimum_required": "v4.0",
    "doc": {
        "title": "萧然挂机作业，高练度需求注意",
        "details": "延迟要求：无"
    }
}