{
    "stage_name": "main_09-07",
    "opers": [
        {
            "name": "棘刺",
            "skill": 3,
            "skill_usage": 1
        },
        {
            "name": "煌",
            "skill": 2
        }
    ],
    "groups": [],
    "actions": [
        {
            "name": "",
            "type": "SpeedUp"
        },
        {
            "name": "棘刺",
            "type": "Deploy",
            "location": [
                1,
                4
            ],
            "direction": "Right"
        },
        {
            "name": "煌",
            "type": "Deploy",
            "location": [
                4,
                6
            ],
            "direction": "Up"
        },
        {
            "name": "",
            "type": "SkillDaemon"
        }
    ],
    "minimum_required": "v4.0",
    "doc": {
        "title": "萧然挂机作业，高练度需求注意",
        "details": "延迟要求：无"
    }
}