{
  "minimum_required": "v4.0.0",
  "stage_name": "main_00-06#f#",
  "actions": [
    {
      "type": "Output",
      "doc_color": "DarkRed",
      "doc": "如果关卡内有剧情，请立即手动跳过！！！",
      "rear_delay": 0
    },
    {
      "type": "Output",
      "doc_color": "DarkGoldenrod",
      "doc": "如果关卡内有剧情，请立即手动跳过！！！",
      "rear_delay": 0
    },
    {
      "type": "Output",
      "doc_color": "Gold",
      "doc": "如果关卡内有剧情，请立即手动跳过！！！",
      "rear_delay": 0
    },
    {
      "type": "Output",
      "doc_color": "DarkCyan",
      "doc": "如果你没有缓存干员头像，请携带本次作战的所有干员再打一次上一关！！！",
      "rear_delay": 0
    },
    {
      "type": "Output",
      "doc_color": "DeepSkyBlue",
      "doc": "如果你没有缓存干员头像，请携带本次作战的所有干员再打一次上一关！！！",
      "rear_delay": 0
    },
    {
      "type": "Output",
      "doc_color": "SpringGreen",
      "doc": "如果你没有缓存干员头像，请携带本次作战的所有干员再打一次上一关！！！",
      "rear_delay": 5000
    },
    {
      "type": "SpeedUp",
      "doc": "",
      "rear_delay": 0
    },
    {
      "type": "Deploy",
      "name": "先锋",
      "location": [
        8,
        4
      ],
      "direction": "Left",
      "rear_delay": 0
    },
    {
      "type": "Deploy",
      "name": "翎羽",
      "location": [
        7,
        2
      ],
      "direction": "Right",
      "rear_delay": 0
    },
    {
      "type": "Deploy",
      "name": "安德切尔",
      "location": [
        6,
        3
      ],
      "direction": "Right",
      "rear_delay": 0
    },
    {
      "type": "Deploy",
      "name": "黑角",
      "location": [
        8,
        2
      ],
      "direction": "Left",
      "rear_delay": 0
    },
    {
      "type": "Deploy",
      "name": "杰西卡",
      "location": [
        5,
        3
      ],
      "direction": "Left",
      "rear_delay": 0
    },
    {
      "type": "Deploy",
      "name": "芙蓉",
      "location": [
        8,
        1
      ],
      "direction": "Down",
      "rear_delay": 0
    },
    {
      "type": "Deploy",
      "name": "阿米娅",
      "location": [
        7,
        5
      ],
      "direction": "Up",
      "rear_delay": 0
    },
    {
      "type": "Deploy",
      "name": "巡林者",
      "location": [
        7,
        1
      ],
      "direction": "Down"
    }
  ],
  "doc": {
    "title": "序章 黑暗时代·上 - 0-6 - 强击",
    "details": "如果关卡内有剧情，请立即手动跳过！！！\n如果你没有缓存干员头像，请携带本次作战的所有干员再打一次上一关！！！\n（干员全精英0，1级）\nyc.exe"
  },
  "groups": [
    {
      "name": "先锋",
      "opers": [
        {
          "name": "夜刀",
          "skill": 1,
          "skill_usage": 0
        },
        {
          "name": "芬",
          "skill": 1,
          "skill_usage": 0
        }
      ]
    }
  ],
  "opers": [
    {
      "name": "阿米娅",
      "skill": 1,
      "skill_usage": 0
    },
    {
      "name": "黑角",
      "skill": 1,
      "skill_usage": 0
    },
    {
      "name": "巡林者",
      "skill": 1,
      "skill_usage": 0
    },
    {
      "name": "芙蓉",
      "skill": 1,
      "skill_usage": 0
    },
    {
      "name": "安德切尔",
      "skill": 1,
      "skill_usage": 0
    },
    {
      "name": "杰西卡",
      "skill": 1,
      "skill_usage": 0
    },
    {
      "name": "翎羽",
      "skill": 1,
      "skill_usage": 0
    }
  ],
  "difficulty": 3
}