{
  "minimum_required": "v4.0.0",
  "stage_name": "main_07-09",
  "actions": [
    {
      "type": "Deploy",
      "name": "山",
      "location": [
        2,
        4
      ],
      "direction": "Down",
      "rear_delay": 0
    },
    {
      "type": "SpeedUp",
      "rear_delay": 0
    },
    {
      "type": "Deploy",
      "name": "苏苏洛",
      "location": [
        1,
        1
      ],
      "direction": "Down",
      "rear_delay": 0
    },
    {
      "type": "Deploy",
      "name": "斑点",
      "location": [
        2,
        3
      ],
      "direction": "Down",
      "rear_delay": 0
    },
    {
      "type": "SkillDaemon"
    }
  ],
  "doc": {
    "title": "第七章 苦难摇篮 - 7-11 - 浸染-1",
    "details": "第七章 苦难摇篮 - 7-11 - 浸染-1"
  },
  "groups": [],
  "opers": [
    {
      "name": "山",
      "skill": 2,
      "skill_usage": 2
    },
    {
      "name": "苏苏洛",
      "skill": 1,
      "skill_usage": 0
    },
    {
      "name": "斑点",
      "skill": 1,
      "skill_usage": 0
    }
  ]
}