{
  "minimum_required": "v4.0.0",
  "stage_name": "main_09-14",
  "actions": [
    {
      "type": "SpeedUp",
      "rear_delay": 0
    },
    {
      "type": "Deploy",
      "name": "空弦",
      "location": [
        9,
        2
      ],
      "direction": "Left",
      "rear_delay": 0
    },
    {
      "type": "Deploy",
      "name": "阿米娅",
      "location": [
        8,
        2
      ],
      "direction": "Left",
      "rear_delay": 0
    },
    {
      "type": "Deploy",
      "name": "森蚺",
      "location": [
        9,
        1
      ],
      "direction": "Down"
    }
  ],
  "doc": {
    "title": "第七章 苦难摇篮 - 7-17 - 感染者之盾-2",
    "details": "第七章 苦难摇篮 - 7-17 - 感染者之盾-2"
  },
  "groups": [],
  "opers": [
    {
      "name": "空弦",
      "skill": 1,
      "skill_usage": 1
    },
    {
      "name": "森蚺",
      "skill": 1,
      "skill_usage": 1
    },
    {
      "name": "阿米娅",
      "skill": 1,
      "skill_usage": 1
    }
  ],
  "difficulty": 1
}