{
    "minimum_required": "v4.0",
    "doc": {
        "title": "5-3 突袭",
        "details": "UP：侬无言以对\n原视频：https://www.bilibili.com/video/BV17q4y1D72U/\n制作者：一只摆烂的42\n有问题联系QQ2586582719"
    },
    "stage_name": "main_05-03",
    "opers": [
        {
            "name": "推进之王",
            "skill": 2,
            "skill_usage": 0
        },
        {
            "name": "风笛",
            "skill": 2,
            "skill_usage": 0
        },
        {
            "name": "泥岩",
            "skill": 2,
            "skill_usage": 0
        },
        {
            "name": "夜莺",
            "skill": 2,
            "skill_usage": 0
        },
        {
            "name": "孑",
            "skill": 1,
            "skill_usage": 0
        }
    ],
    "actions": [
        {
            "type": "二倍速",
            "name": ""
        },
        {
            "type": "部署",
            "name": "泥岩",
            "location": [
                10,
                4
            ],
            "direction": "下"
        },
        {
            "type": "部署",
            "cost_changes": 30,
            "name": "推进之王",
            "location": [
                1,
                2
            ],
            "direction": "上"
        },
        {
            "type": "部署",
            "name": "夜莺",
            "location": [
                3,
                2
            ],
            "direction": "左"
        },
        {
            "type": "部署",
            "name": "风笛",
            "location": [
                1,
                1
            ],
            "direction": "下"
        },
        {
            "type": "部署",
            "name": "孑",
            "location": [
                2,
                5
            ],
            "direction": "左"
        }
    ]
}