{
  "minimum_required": "v4.0.0",
  "stage_name": "sub_05-3-1",
  "actions": [
    {
      "type": "SpeedUp"
    },
    {
      "type": "Deploy",
      "name": "棘刺",
      "location": [
        4,
        4
      ],
      "direction": "Left"
    },
    {
      "type": "Deploy",
      "name": "安赛尔",
      "location": [
        4,
        6
      ],
      "direction": "Up"
    },
    {
      "type": "Deploy",
      "name": "黑角",
      "location": [
        5,
        4
      ],
      "direction": "Left"
    },
    {
      "type": "Deploy",
      "name": "芙蓉",
      "location": [
        8,
        5
      ],
      "direction": "Right"
    },
    {
      "type": "Deploy",
      "name": "玫兰莎",
      "location": [
        10,
        5
      ],
      "direction": "Down"
    },
    {
      "type": "SkillDaemon"
    }
  ],
  "doc": {
    "title": "第五章 靶向药物 - S5-5 - 恐慌-1",
    "details": "up：|GoodGame|"
  },
  "groups": [],
  "opers": [
    {
      "name": "棘刺",
      "skill": 3,
      "skill_usage": 1
    },
    {
      "name": "玫兰莎",
      "skill": 1,
      "skill_usage": 0
    },
    {
      "name": "安赛尔",
      "skill": 1,
      "skill_usage": 0
    },
    {
      "name": "芙蓉",
      "skill": 1,
      "skill_usage": 0
    },
    {
      "name": "黑角",
      "skill": 1,
      "skill_usage": 0
    }
  ]
}