{
    "minimum_required": "v4.0",
    "doc": {
        "title": "S5-9 双人信赖+开晶体电子单元",
        "details": "https://www.bilibili.com/video/BV1eZ4y127sr/\n有问题联系制作者QQ2586582719"
    },
    "stage_name": "sub_05-4-3",
    "opers": [
        {
            "name": "煌",
            "skill": 2,
            "skill_usage": 0
        },
        {
            "name": "山",
            "skill": 2,
            "skill_usage": 2
        }
    ],
    "actions": [
        {
            "type": "二倍速",
            "name": ""
        },
        {
            "type": "部署",
            "name": "煌",
            "location": [
                5,
                5
            ],
            "direction": "上"
        },
        {
            "type": "部署",
            "name": "山",
            "location": [
                8,
                1
            ],
            "direction": "上"
        },
        {
            "type": "摆完挂机",
            "name": ""
        }
    ]
}