{
    "minimum_required": "v4.0",
    "doc": {
        "title": "11-7磨难五人",
        "details": "制作者：一只摆烂的42\n有问题联系QQ2586582719\nhttps://www.bilibili.com/video/av816493467/"
    },
    "stage_name": "obt/main/level_tough_11-06",
    "opers": [
        {
            "name": "煌",
            "skill": 2,
            "skill_usage": 0
        },
        {
            "name": "艾雅法拉",
            "skill": 2,
            "skill_usage": 0
        },
        {
            "name": "能天使",
            "skill": 3,
            "skill_usage": 0
        },
        {
            "name": "夜莺",
            "skill": 2,
            "skill_usage": 0
        },
        {
            "name": "闪灵",
            "skill": 2,
            "skill_usage": 0
        }
    ],
    "actions": [
        {
            "type": "SpeedUp",
            "name": "",
            "doc_color": "Gray"
        },
        {
            "type": "部署",
            "name": "闪灵",
            "location": [
                6,
                3
            ],
            "direction": "下"
        },
        {
            "type": "部署",
            "name": "煌",
            "location": [
                5,
                5
            ],
            "direction": "右",
            "doc_color": "Gray"
        },
        {
            "type": "部署",
            "name": "能天使",
            "location": [
                7,
                4
            ],
            "direction": "左",
            "doc_color": "Gray"
        },
        {
            "type": "部署",
            "name": "夜莺",
            "location": [
                4,
                4
            ],
            "direction": "右"
        },
        {
            "type": "部署",
            "name": "艾雅法拉",
            "location": [
                10,
                5
            ],
            "direction": "上"
        },
        {
            "type": "Output",
            "name": "",
            "doc": "制作者2586582719",
            "doc_color": "SpringGreen"
        }
    ]
}