{
  "minimum_required": "v4.0.0",
  "stage_name": "main_04-10",
  "actions": [
    {
      "type": "SpeedUp"
    },
    {
      "type": "Deploy",
      "name": "煌",
      "location": [
        5,
        5
      ],
      "direction": "Up"
    },
    {
      "type": "Deploy",
      "name": "艾雅法拉",
      "location": [
        3,
        4
      ],
      "direction": "Right",
      "costs": 30
    },
    {
      "type": "Deploy",
      "name": "塞雷娅",
      "location": [
        4,
        3
      ],
      "direction": "Right"
    },
    {
      "type": "Deploy",
      "name": "奶",
      "location": [
        2,
        4
      ],
      "direction": "Right"
    },
    {
      "type": "Deploy",
      "name": "高台输出",
      "location": [
        4,
        4
      ],
      "direction": "Right"
    },
    {
      "type": "SkillDaemon"
    }
  ],
  "doc": {
    "title": "第四章 急性衰竭 - 4-10 - 灯火将熄",
    "details": "up:_黑摸仙小月_\n配置：2603，尽量专三且三模\nps：可以多带奶和盾；霜星可能直接砸掉已部署干员"
  },
  "groups": [
    {
      "name": "奶",
      "opers": [
        {
          "name": "闪灵",
          "skill": 2,
          "skill_usage": 0
        },
        {
          "name": "嘉维尔",
          "skill": 1,
          "skill_usage": 0
        },
        {
          "name": "流明",
          "skill": 1,
          "skill_usage": 0
        }
      ]
    },
    {
      "name": "高台输出",
      "opers": [
        {
          "name": "能天使",
          "skill": 1,
          "skill_usage": 0
        },
        {
          "name": "鸿雪",
          "skill": 1,
          "skill_usage": 0
        }
      ]
    }
  ],
  "opers": [
    {
      "name": "艾雅法拉",
      "skill": 2,
      "skill_usage": 0
    },
    {
      "name": "煌",
      "skill": 1,
      "skill_usage": 0
    },
    {
      "name": "塞雷娅",
      "skill": 1,
      "skill_usage": 0
    }
  ],
  "difficulty": 3
}