{
  "minimum_required": "v4.0.0",
  "stage_name": "main_04-03",
  "actions": [
    {
      "type": "SpeedUp"
    },
    {
      "type": "Deploy",
      "name": "煌",
      "location": [
        4,
        2
      ],
      "direction": "Down"
    },
    {
      "type": "Deploy",
      "name": "奶",
      "location": [
        1,
        3
      ],
      "direction": "Right"
    },
    {
      "type": "Deploy",
      "name": "奶盾",
      "location": [
        3,
        4
      ],
      "direction": "Right"
    },
    {
      "type": "SkillDaemon"
    }
  ],
  "doc": {
    "title": "第四章 急性衰竭 - 4-3 - 人工制冷",
    "details": "up:_黑摸仙小月_\n配置：2603，尽量专三且三模"
  },
  "groups": [
    {
      "name": "奶盾",
      "opers": [
        {
          "name": "古米",
          "skill": 1,
          "skill_usage": 0
        },
        {
          "name": "塞雷娅",
          "skill": 1,
          "skill_usage": 0
        }
      ]
    },
    {
      "name": "奶",
      "opers": [
        {
          "name": "闪灵",
          "skill": 2,
          "skill_usage": 0
        },
        {
          "name": "嘉维尔",
          "skill": 1,
          "skill_usage": 0
        },
        {
          "name": "流明",
          "skill": 1,
          "skill_usage": 0
        }
      ]
    }
  ],
  "opers": [
    {
      "name": "煌",
      "skill": 2,
      "skill_usage": 0
    }
  ],
  "difficulty": 3
}