{"minimum_required":"v4.0.0","stage_name":"wk_toxic_5","actions":[{"type":"Deploy","name":"令","location":[6,2],"direction":"Right"},{"type":"Deploy","name":"浊心斯卡蒂","location":[6,4],"direction":"Right"},{"type":"SpeedUp"},{"type":"Deploy","name":"“弦惊”","location":[4,4],"direction":"Down"},{"type":"Deploy","name":"“弦惊”","location":[5,5],"direction":"Left"},{"type":"Skill","name":"令","location":[6,2],"kills":15},{"type":"Deploy","name":"“弦惊”","location":[1,1],"direction":"Left"},{"type":"Retreat","name":"“弦惊”","location":[5,5],"kills":31},{"type":"Deploy","name":"“弦惊”","location":[8,6],"direction":"Up"},{"type":"SkillUsage","name":"令","skill_usage":1},{"type":"Retreat","name":"“弦惊”","location":[1,1],"kills":32},{"type":"Deploy","name":"“弦惊”","location":[4,2],"direction":"Up"},{"type":"Deploy","name":"斯卡蒂的海嗣","location":[7,5],"direction":"None","cost_changes":12},{"type":"Retreat","name":"“弦惊”","location":[4,4],"kills":40},{"type":"Deploy","name":"“弦惊”","location":[5,1],"direction":"Left"},{"type":"SkillDaemon"}],"doc":{"title":"AP-5 红票本 采购凭证本 浊蒂令双人107s信赖速刷","details":"攻略作者：化学老施  BV1B3411L7XM  思路：清风徐来\n自动战斗作者：鱼丸 有问题请联系qq2877734958 \nmaa问题就别联系了 臭写作业的搞不懂maa（）\n练度：浊蒂2603 令2303 令无需模组\n已通过测试 测试人鱼丸"},"groups":[],"opers":[{"name":"令","skill":3,"skill_usage":0},{"name":"浊心斯卡蒂","skill":2,"skill_usage":0}]}