{
  "minimum_required": "v4.0.0",
  "stage_name": "pro_a_1",
  "actions": [
    {
      "type": "SpeedUp",
      "rear_delay": 0
    },
    {
      "type": "Deploy",
      "name": "山",
      "location": [
        2,
        3
      ],
      "direction": "Down",
      "rear_delay": 0
    },
    {
      "type": "Deploy",
      "name": "棘刺",
      "location": [
        7,
        2
      ],
      "direction": "Down",
      "costs": 20,
      "rear_delay": 0
    },
    {
      "type": "SkillDaemon"
    }
  ],
  "doc": {
    "title": "固若金汤 - PR-A-1 - 防守",
    "details": "山测试使用专二60级，二技能\n棘刺测试使用专二90级，三技能"
  },
  "groups": [],
  "opers": [
    {
      "name": "山",
      "skill": 2,
      "skill_usage": 2
    },
    {
      "name": "棘刺",
      "skill": 3,
      "skill_usage": 1
    }
  ]
}