{
    "minimum_required": "v4.0",
    "doc": {
        "title": "身先士卒 - PR-D-2 - 猛攻",
        "details": "侬无言以对   https://www.bilibili.com/video/BV1NM411P7nu/\n风笛2技能 煌2技能  歌蕾蒂娅1技能 闪灵2技能\n建议练度：90级技能专三"
    },
    "stage_name": "pro_d_2",
    "opers": [
        {
            "name": "风笛",
            "skill": 2,
            "skill_usage": 0
        },
        {
            "name": "煌",
            "skill": 2,
            "skill_usage": 0
        },
        {
            "name": "歌蕾蒂娅",
            "skill": 1,
            "skill_usage": 0
        },
        {
            "name": "闪灵",
            "skill": 2,
            "skill_usage": 0
        }
    ],
    "actions": [
        {
            "type": "Deploy",
            "name": "风笛",
            "location": [
                3,
                6
            ],
            "direction": "Left",
            "rear_delay": 200
        },
        {
            "type": "SpeedUp",
            "name": "",
            "pre_delay": 100
        },
        {
            "type": "Deploy",
            "cost_changes": 1,
            "name": "煌",
            "location": [
                9,
                6
            ],
            "direction": "Left"
        },
        {
            "type": "Deploy",
            "cost_changes": 1,
            "name": "歌蕾蒂娅",
            "location": [
                4,
                4
            ],
            "direction": "Down"
        },
        {
            "type": "Deploy",
            "cost_changes": 1,
            "name": "闪灵",
            "location": [
                5,
                3
            ],
            "direction": "Down"
        }
    ]
}