{
  "minimum_required": "v4.0.0",
  "stage_name": "pro_d_1",
  "actions": [
    {
      "type": "SpeedUp",
      "rear_delay": 0
    },
    {
      "type": "Deploy",
      "name": "棘刺",
      "location": [
        1,
        2
      ],
      "direction": "Right",
      "rear_delay": 0
    },
    {
      "type": "Deploy",
      "name": "能天使",
      "location": [
        2,
        3
      ],
      "direction": "Right",
      "rear_delay": 0
    },
    {
      "type": "SkillDaemon"
    }
  ],
  "doc": {
    "title": "【至高之术】PR-D-1",
    "details": "能天使1、3技能都可以，\n测试使用2903棘刺、1806能天使\n原作业：maa://22493"
  },
  "groups": [],
  "opers": [
    {
      "name": "棘刺",
      "skill": 3,
      "skill_usage": 1
    },
    {
      "name": "能天使",
      "skill": 1,
      "skill_usage": 0
    }
  ]
}