{
  "minimum_required": "v4.0.0",
  "stage_name": "wk_armor_4",
  "actions": [
    {
      "type": "SpeedUp",
      "rear_delay": 0
    },
    {
      "type": "Deploy",
      "name": "先锋",
      "location": [
        1,
        5
      ],
      "direction": "Right",
      "rear_delay": 0
    },
    {
      "type": "Deploy",
      "name": "翎羽",
      "location": [
        7,
        1
      ],
      "direction": "Right",
      "rear_delay": 0
    },
    {
      "type": "Deploy",
      "name": "令",
      "location": [
        2,
        4
      ],
      "direction": "Right",
      "rear_delay": 0
    },
    {
      "type": "Deploy",
      "name": "“清平”",
      "location": [
        2,
        5
      ],
      "direction": "Right",
      "rear_delay": 0
    },
    {
      "type": "Deploy",
      "name": "“清平”",
      "location": [
        4,
        5
      ],
      "direction": "Right",
      "cooling": 1,
      "rear_delay": 0
    },
    {
      "type": "Deploy",
      "name": "“清平”",
      "location": [
        3,
        5
      ],
      "direction": "Right",
      "cooling": 1,
      "rear_delay": 0
    },
    {
      "type": "Deploy",
      "name": "芙蓉",
      "location": [
        2,
        1
      ],
      "direction": "Right",
      "rear_delay": 0
    },
    {
      "type": "Retreat",
      "name": "先锋",
      "location": [
        1,
        5
      ],
      "rear_delay": 0
    },
    {
      "type": "Deploy",
      "name": "阿消",
      "location": [
        5,
        1
      ],
      "direction": "Down",
      "rear_delay": 0
    },
    {
      "type": "SkillUsage",
      "name": "令",
      "kills": 11,
      "skill_usage": 1,
      "rear_delay": 1000
    },
    {
      "type": "Deploy",
      "name": "“清平”",
      "location": [
        4,
        5
      ],
      "direction": "Left",
      "kills": 20,
      "rear_delay": 0
    },
    {
      "type": "Deploy",
      "name": "“清平”",
      "location": [
        5,
        5
      ],
      "direction": "Left"
    }
  ],
  "doc": {
    "title": "【至高之术】资源保障 - SK-4 - 据地清剿",
    "details": "阿消技能4，芙蓉满级。"
  },
  "groups": [
    {
      "name": "先锋",
      "opers": [
        {
          "name": "讯使",
          "skill": 1,
          "skill_usage": 0
        },
        {
          "name": "芬",
          "skill": 1,
          "skill_usage": 0
        }
      ]
    }
  ],
  "opers": [
    {
      "name": "阿消",
      "skill": 1,
      "skill_usage": 0
    },
    {
      "name": "芙蓉",
      "skill": 1,
      "skill_usage": 0
    },
    {
      "name": "翎羽",
      "skill": 1,
      "skill_usage": 0
    },
    {
      "name": "令",
      "skill": 1,
      "skill_usage": 2
    }
  ]
}