{
  "minimum_required": "v4.0.0",
  "stage_name": "wk_fly_2",
  "actions": [
    {
      "type": "SpeedUp"
    },
    {
      "type": "Deploy",
      "name": "速射手",
      "location": [
        5,
        5
      ],
      "direction": "Left"
    },
    {
      "type": "Deploy",
      "name": "中坚术师",
      "location": [
        5,
        3
      ],
      "direction": "Left"
    },
    {
      "type": "Deploy",
      "name": "扩散术士",
      "location": [
        3,
        5
      ],
      "direction": "Right"
    },
    {
      "type": "SkillDaemon"
    }
  ],
  "doc": {
    "title": "【低配】空中威胁 - CA-2 勘探基点净空",
    "details": "https://www.bilibili.com/video/BV1xr4y1g7de"
  },
  "groups": [
    {
      "name": "速射手",
      "opers": [
        {
          "name": "巡林者",
          "skill": 1,
          "skill_usage": 0
        },
        {
          "name": "安德切尔",
          "skill": 1,
          "skill_usage": 0
        },
        {
          "name": "克洛丝",
          "skill": 1,
          "skill_usage": 0
        },
        {
          "name": "红云",
          "skill": 1,
          "skill_usage": 0
        },
        {
          "name": "杰西卡",
          "skill": 1,
          "skill_usage": 0
        },
        {
          "name": "流星",
          "skill": 1,
          "skill_usage": 0
        },
        {
          "name": "梅",
          "skill": 1,
          "skill_usage": 0
        }
      ]
    },
    {
      "name": "扩散术士",
      "opers": [
        {
          "name": "12F",
          "skill": 1,
          "skill_usage": 0
        },
        {
          "name": "炎熔",
          "skill": 1,
          "skill_usage": 0
        },
        {
          "name": "格雷伊",
          "skill": 1,
          "skill_usage": 0
        },
        {
          "name": "远山",
          "skill": 1,
          "skill_usage": 0
        }
      ]
    },
    {
      "name": "中坚术师",
      "opers": [
        {
          "name": "史都华德",
          "skill": 1,
          "skill_usage": 0
        },
        {
          "name": "杜林",
          "skill": 1,
          "skill_usage": 0
        },
        {
          "name": "夜烟",
          "skill": 1,
          "skill_usage": 0
        }
      ]
    }
  ],
  "opers": []
}