{
  "minimum_required": "v4.0.0",
  "stage_name": "pro_c_1",
  "actions": [
    {
      "type": "SpeedUp"
    },
    {
      "type": "Deploy",
      "name": "德克萨斯",
      "location": [
        5,
        1
      ],
      "direction": "Left"
    },
    {
      "type": "Deploy",
      "name": "能天使",
      "location": [
        4,
        2
      ],
      "direction": "Right"
    },
    {
      "type": "SkillDaemon",
      "doc_color": "DarkRed",
      "doc": "给个好评吧~"
    }
  ],
  "doc": {
    "title": "势不可挡 - PR-C-1 - 急行",
    "details": "攻略作者: 侬无言以对 https://www.bilibili.com/video/BV1AT411X7Y5\njson作者: ラプラスの魔女\n平均练度: 2607\n已测试"
  },
  "groups": [],
  "opers": [
    {
      "name": "德克萨斯",
      "skill": 1,
      "skill_usage": 0
    },
    {
      "name": "能天使",
      "skill": 1,
      "skill_usage": 0
    }
  ]
}